mae_no_holidays,mae_with_holidays,mae_improvement,mae_improvement_percent
1561.984344135087,553.9635540385724,1008.0207900965146,64.53462826829312
